c1normal,c2normal,c3normal,c4normal,c1shear,c2shear,c3shear,c4shear,timestamp
112587.000,112635.000,112231.000,112231.000,-529.000,-345.000,-63.000,532.000,1761203749.383
112599.000,112666.000,112205.000,112202.000,-524.000,-332.000,-70.000,533.000,1761203749.385
112589.000,112644.000,112198.000,112213.000,-500.000,-358.000,-86.000,534.000,1761203749.386
112605.000,112629.000,112227.000,112223.000,-517.000,-345.000,-76.000,540.000,1761203749.388
112591.000,112651.000,112219.000,112164.000,-487.000,-331.000,-68.000,546.000,1761203749.389
112589.000,112617.000,112179.000,112197.000,-505.000,-328.000,-69.000,534.000,1761203749.391
112582.000,112646.000,112176.000,112200.000,-512.000,-336.000,-68.000,529.000,1761203749.392
112562.000,112605.000,112188.000,112167.000,-498.000,-349.000,-71.000,523.000,1761203749.394
112583.000,112644.000,112218.000,112190.000,-499.000,-321.000,-71.000,521.000,1761203749.395
112565.000,112610.000,112199.000,112197.000,-494.000,-346.000,-64.000,527.000,1761203749.397
112590.000,112649.000,112219.000,112213.000,-517.000,-340.000,-82.000,557.000,1761203749.398
112569.000,112606.000,112201.000,112205.000,-510.000,-352.000,-75.000,547.000,1761203749.400
112571.000,112623.000,112190.000,112218.000,-501.000,-328.000,-64.000,527.000,1761203749.402
112590.000,112624.000,112182.000,112192.000,-507.000,-354.000,-49.000,545.000,1761203749.403
112561.000,112644.000,112208.000,112215.000,-504.000,-348.000,-80.000,528.000,1761203749.405
112571.000,112629.000,112209.000,112179.000,-502.000,-325.000,-86.000,523.000,1761203749.407
112577.000,112629.000,112182.000,112180.000,-517.000,-340.000,-70.000,517.000,1761203749.410
112562.000,112612.000,112185.000,112177.000,-503.000,-345.000,-71.000,531.000,1761203749.411
112570.000,112619.000,112177.000,112195.000,-503.000,-337.000,-75.000,548.000,1761203749.413
112591.000,112602.000,112188.000,112176.000,-512.000,-343.000,-81.000,536.000,1761203749.414
112568.000,112628.000,112205.000,112209.000,-517.000,-322.000,-74.000,535.000,1761203749.416
112575.000,112629.000,112186.000,112189.000,-509.000,-342.000,-82.000,534.000,1761203749.417
112575.000,112663.000,112225.000,112180.000,-520.000,-340.000,-73.000,540.000,1761203749.419
112573.000,112649.000,112206.000,112198.000,-518.000,-327.000,-65.000,548.000,1761203749.420
112568.000,112618.000,112217.000,112216.000,-507.000,-313.000,-79.000,529.000,1761203749.421
112592.000,112630.000,112238.000,112208.000,-510.000,-357.000,-57.000,521.000,1761203749.423
112587.000,112657.000,112198.000,112173.000,-505.000,-331.000,-82.000,531.000,1761203749.426
112610.000,112640.000,112190.000,112184.000,-517.000,-323.000,-89.000,530.000,1761203749.428
112587.000,112672.000,112195.000,112203.000,-515.000,-334.000,-79.000,539.000,1761203749.429
112579.000,112624.000,112231.000,112230.000,-528.000,-326.000,-61.000,538.000,1761203749.431
112611.000,112644.000,112195.000,112198.000,-493.000,-350.000,-72.000,529.000,1761203749.433
112634.000,112641.000,112235.000,112214.000,-498.000,-329.000,-73.000,522.000,1761203749.434
112611.000,112640.000,112186.000,112181.000,-506.000,-334.000,-93.000,548.000,1761203749.436
112585.000,112619.000,112182.000,112202.000,-509.000,-337.000,-86.000,528.000,1761203749.438
112598.000,112648.000,112189.000,112173.000,-486.000,-322.000,-96.000,548.000,1761203749.440
112602.000,112652.000,112192.000,112207.000,-486.000,-340.000,-88.000,530.000,1761203749.442
112576.000,112645.000,112199.000,112204.000,-508.000,-334.000,-62.000,542.000,1761203749.444
112568.000,112623.000,112200.000,112169.000,-508.000,-326.000,-71.000,542.000,1761203749.445
112593.000,112667.000,112212.000,112193.000,-530.000,-314.000,-93.000,543.000,1761203749.447
112598.000,112637.000,112185.000,112186.000,-514.000,-340.000,-75.000,537.000,1761203749.449
112574.000,112620.000,112178.000,112198.000,-517.000,-345.000,-59.000,528.000,1761203749.450
112630.000,112642.000,112229.000,112218.000,-521.000,-316.000,-99.000,562.000,1761203749.452
112575.000,112634.000,112213.000,112196.000,-519.000,-332.000,-90.000,544.000,1761203749.454
112594.000,112649.000,112227.000,112245.000,-491.000,-323.000,-71.000,535.000,1761203749.456
112603.000,112657.000,112222.000,112237.000,-514.000,-345.000,-78.000,541.000,1761203749.459
112586.000,112652.000,112242.000,112211.000,-519.000,-340.000,-68.000,532.000,1761203749.460
112616.000,112643.000,112215.000,112219.000,-531.000,-326.000,-71.000,527.000,1761203749.463
112633.000,112646.000,112241.000,112216.000,-509.000,-338.000,-80.000,540.000,1761203749.465
112616.000,112636.000,112203.000,112221.000,-515.000,-343.000,-67.000,540.000,1761203749.466
112577.000,112658.000,112194.000,112188.000,-503.000,-334.000,-80.000,536.000,1761203749.468
112620.000,112645.000,112225.000,112198.000,-517.000,-336.000,-62.000,528.000,1761203749.470
112568.000,112636.000,112190.000,112202.000,-504.000,-348.000,-86.000,539.000,1761203749.472
112605.000,112639.000,112204.000,112212.000,-503.000,-348.000,-68.000,548.000,1761203749.475
112595.000,112649.000,112226.000,112200.000,-505.000,-326.000,-63.000,534.000,1761203749.477
112617.000,112652.000,112207.000,112245.000,-503.000,-317.000,-63.000,538.000,1761203749.479
112576.000,112654.000,112198.000,112185.000,-496.000,-356.000,-68.000,530.000,1761203749.480
112605.000,112640.000,112231.000,112216.000,-485.000,-352.000,-65.000,532.000,1761203749.482
112587.000,112640.000,112174.000,112197.000,-509.000,-344.000,-87.000,526.000,1761203749.484
112593.000,112635.000,112202.000,112185.000,-508.000,-344.000,-77.000,536.000,1761203749.486
112603.000,112660.000,112211.000,112184.000,-502.000,-327.000,-95.000,533.000,1761203749.487
112579.000,112631.000,112184.000,112174.000,-511.000,-338.000,-56.000,533.000,1761203749.490
112577.000,112604.000,112182.000,112208.000,-486.000,-342.000,-55.000,535.000,1761203749.492
112613.000,112647.000,112195.000,112204.000,-510.000,-337.000,-70.000,548.000,1761203749.493
112607.000,112641.000,112199.000,112218.000,-479.000,-339.000,-65.000,517.000,1761203749.495
112601.000,112642.000,112184.000,112179.000,-519.000,-348.000,-67.000,538.000,1761203749.497
112582.000,112636.000,112199.000,112181.000,-498.000,-332.000,-65.000,545.000,1761203749.498
112563.000,112619.000,112217.000,112218.000,-510.000,-354.000,-61.000,531.000,1761203749.500
112570.000,112604.000,112196.000,112223.000,-489.000,-368.000,-74.000,536.000,1761203749.502
112558.000,112615.000,112190.000,112203.000,-510.000,-350.000,-63.000,534.000,1761203749.504
112593.000,112630.000,112216.000,112176.000,-504.000,-345.000,-57.000,557.000,1761203749.505
112569.000,112628.000,112192.000,112202.000,-505.000,-346.000,-70.000,534.000,1761203749.507
112614.000,112641.000,112209.000,112227.000,-525.000,-348.000,-80.000,553.000,1761203749.509
112613.000,112605.000,112185.000,112222.000,-501.000,-337.000,-70.000,531.000,1761203749.511
112588.000,112670.000,112219.000,112160.000,-502.000,-332.000,-68.000,513.000,1761203749.513
112598.000,112625.000,112172.000,112195.000,-507.000,-339.000,-91.000,537.000,1761203749.515
112576.000,112599.000,112186.000,112182.000,-513.000,-334.000,-85.000,527.000,1761203749.517
112573.000,112619.000,112207.000,112199.000,-494.000,-355.000,-53.000,531.000,1761203749.519
112606.000,112635.000,112214.000,112186.000,-518.000,-351.000,-82.000,524.000,1761203749.521
112583.000,112622.000,112192.000,112187.000,-514.000,-344.000,-90.000,565.000,1761203749.523
112588.000,112614.000,112181.000,112183.000,-499.000,-334.000,-69.000,543.000,1761203749.524
112562.000,112616.000,112176.000,112170.000,-499.000,-326.000,-70.000,535.000,1761203749.526
112559.000,112624.000,112195.000,112195.000,-511.000,-332.000,-69.000,530.000,1761203749.528
112604.000,112631.000,112214.000,112181.000,-520.000,-326.000,-71.000,539.000,1761203749.529
112578.000,112622.000,112189.000,112188.000,-511.000,-325.000,-78.000,535.000,1761203749.531
112596.000,112681.000,112229.000,112182.000,-520.000,-338.000,-69.000,539.000,1761203749.533
112586.000,112622.000,112191.000,112230.000,-513.000,-347.000,-79.000,512.000,1761203749.535
112572.000,112611.000,112179.000,112173.000,-517.000,-340.000,-61.000,539.000,1761203749.537
112565.000,112604.000,112168.000,112172.000,-498.000,-346.000,-70.000,543.000,1761203749.538
112608.000,112653.000,112205.000,112170.000,-513.000,-336.000,-74.000,564.000,1761203749.540
112565.000,112638.000,112158.000,112143.000,-511.000,-348.000,-52.000,543.000,1761203749.542
112587.000,112617.000,112175.000,112204.000,-499.000,-333.000,-84.000,541.000,1761203749.543
112567.000,112621.000,112202.000,112194.000,-508.000,-318.000,-59.000,521.000,1761203749.545
112566.000,112659.000,112200.000,112186.000,-519.000,-311.000,-68.000,526.000,1761203749.547
112564.000,112614.000,112186.000,112170.000,-509.000,-336.000,-79.000,546.000,1761203749.548
112600.000,112651.000,112204.000,112179.000,-500.000,-339.000,-70.000,538.000,1761203749.550
112550.000,112614.000,112169.000,112173.000,-508.000,-350.000,-87.000,521.000,1761203749.551
112581.000,112624.000,112190.000,112169.000,-514.000,-334.000,-73.000,536.000,1761203749.553
112586.000,112624.000,112184.000,112190.000,-514.000,-343.000,-89.000,524.000,1761203749.555
112613.000,112633.000,112198.000,112186.000,-508.000,-352.000,-101.000,534.000,1761203749.556
112582.000,112633.000,112190.000,112179.000,-491.000,-330.000,-83.000,527.000,1761203749.558
112597.000,112640.000,112213.000,112205.000,-507.000,-339.000,-74.000,532.000,1761203749.559
112619.000,112616.000,112206.000,112191.000,-522.000,-341.000,-63.000,525.000,1761203749.561
112563.000,112612.000,112183.000,112196.000,-503.000,-321.000,-66.000,545.000,1761203749.563
112561.000,112623.000,112170.000,112175.000,-494.000,-322.000,-66.000,535.000,1761203749.564
112562.000,112633.000,112186.000,112185.000,-531.000,-333.000,-72.000,529.000,1761203749.566
112588.000,112622.000,112191.000,112171.000,-494.000,-350.000,-83.000,557.000,1761203749.567
112588.000,112649.000,112192.000,112216.000,-486.000,-351.000,-80.000,530.000,1761203749.569
112602.000,112670.000,112190.000,112199.000,-498.000,-337.000,-79.000,543.000,1761203749.571
112578.000,112634.000,112188.000,112182.000,-521.000,-359.000,-68.000,535.000,1761203749.573
112578.000,112627.000,112210.000,112227.000,-505.000,-337.000,-71.000,536.000,1761203749.574
112612.000,112635.000,112207.000,112195.000,-499.000,-333.000,-86.000,541.000,1761203749.576
112571.000,112632.000,112213.000,112219.000,-515.000,-337.000,-50.000,526.000,1761203749.577
112552.000,112635.000,112177.000,112173.000,-511.000,-343.000,-78.000,522.000,1761203749.579
112559.000,112613.000,112184.000,112155.000,-511.000,-343.000,-67.000,521.000,1761203749.581
112576.000,112647.000,112185.000,112175.000,-506.000,-345.000,-83.000,531.000,1761203749.582
112588.000,112645.000,112188.000,112196.000,-510.000,-332.000,-90.000,525.000,1761203749.584
112576.000,112627.000,112168.000,112179.000,-518.000,-340.000,-82.000,518.000,1761203749.586
112595.000,112618.000,112202.000,112215.000,-486.000,-336.000,-70.000,539.000,1761203749.587
112574.000,112617.000,112169.000,112190.000,-521.000,-328.000,-62.000,541.000,1761203749.589
112581.000,112617.000,112181.000,112158.000,-508.000,-337.000,-80.000,553.000,1761203749.591
112560.000,112638.000,112177.000,112178.000,-504.000,-345.000,-67.000,518.000,1761203749.592
112552.000,112621.000,112189.000,112210.000,-501.000,-341.000,-81.000,529.000,1761203749.594
112575.000,112615.000,112200.000,112179.000,-501.000,-346.000,-84.000,532.000,1761203749.595
112557.000,112622.000,112162.000,112158.000,-518.000,-348.000,-71.000,521.000,1761203749.597
112562.000,112634.000,112228.000,112203.000,-513.000,-339.000,-73.000,536.000,1761203749.599
112604.000,112644.000,112182.000,112174.000,-503.000,-327.000,-75.000,546.000,1761203749.601
112576.000,112629.000,112205.000,112182.000,-534.000,-334.000,-79.000,531.000,1761203749.602
112566.000,112648.000,112210.000,112196.000,-535.000,-321.000,-83.000,530.000,1761203749.604
112578.000,112614.000,112170.000,112159.000,-503.000,-342.000,-80.000,537.000,1761203749.606
112586.000,112653.000,112198.000,112175.000,-505.000,-329.000,-85.000,542.000,1761203749.607
112615.000,112648.000,112198.000,112211.000,-493.000,-357.000,-87.000,554.000,1761203749.609
112594.000,112622.000,112217.000,112204.000,-506.000,-333.000,-90.000,532.000,1761203749.611
112566.000,112623.000,112207.000,112194.000,-518.000,-337.000,-70.000,532.000,1761203749.612
112580.000,112640.000,112185.000,112190.000,-518.000,-342.000,-58.000,543.000,1761203749.614
112595.000,112650.000,112181.000,112197.000,-492.000,-350.000,-73.000,541.000,1761203749.616
112585.000,112651.000,112243.000,112198.000,-525.000,-315.000,-78.000,549.000,1761203749.618
112622.000,112653.000,112200.000,112215.000,-505.000,-329.000,-82.000,544.000,1761203749.620
112564.000,112613.000,112196.000,112175.000,-499.000,-335.000,-85.000,552.000,1761203749.621
112616.000,112666.000,112201.000,112205.000,-518.000,-339.000,-74.000,524.000,1761203749.623
112573.000,112626.000,112222.000,112205.000,-504.000,-343.000,-86.000,563.000,1761203749.625
112580.000,112608.000,112187.000,112218.000,-509.000,-357.000,-78.000,552.000,1761203749.626
112634.000,112651.000,112240.000,112241.000,-497.000,-333.000,-78.000,537.000,1761203749.628
112597.000,112674.000,112236.000,112184.000,-507.000,-336.000,-76.000,530.000,1761203749.629
112607.000,112627.000,112189.000,112233.000,-511.000,-334.000,-83.000,553.000,1761203749.631
112584.000,112617.000,112178.000,112191.000,-516.000,-341.000,-57.000,525.000,1761203749.633
112551.000,112623.000,112171.000,112186.000,-503.000,-333.000,-78.000,540.000,1761203749.635
112579.000,112646.000,112183.000,112215.000,-522.000,-329.000,-76.000,536.000,1761203749.636
112560.000,112613.000,112210.000,112197.000,-509.000,-331.000,-78.000,528.000,1761203749.638
112600.000,112620.000,112227.000,112201.000,-501.000,-343.000,-81.000,557.000,1761203749.639
112597.000,112647.000,112194.000,112196.000,-496.000,-345.000,-86.000,532.000,1761203749.641
112574.000,112628.000,112185.000,112191.000,-526.000,-342.000,-67.000,534.000,1761203749.643
112607.000,112652.000,112194.000,112209.000,-527.000,-338.000,-71.000,543.000,1761203749.644
112588.000,112633.000,112198.000,112172.000,-498.000,-342.000,-69.000,526.000,1761203749.646
112618.000,112652.000,112180.000,112167.000,-503.000,-346.000,-70.000,556.000,1761203749.647
112576.000,112650.000,112212.000,112191.000,-531.000,-326.000,-84.000,553.000,1761203749.649
112596.000,112647.000,112214.000,112201.000,-503.000,-334.000,-96.000,536.000,1761203749.651
112590.000,112642.000,112206.000,112198.000,-509.000,-332.000,-81.000,554.000,1761203749.652
112586.000,112604.000,112216.000,112217.000,-497.000,-339.000,-79.000,547.000,1761203749.654
112615.000,112675.000,112217.000,112213.000,-511.000,-340.000,-77.000,531.000,1761203749.656
112603.000,112668.000,112227.000,112212.000,-494.000,-349.000,-75.000,534.000,1761203749.657
112599.000,112648.000,112219.000,112234.000,-494.000,-335.000,-66.000,535.000,1761203749.659
112601.000,112642.000,112204.000,112202.000,-506.000,-345.000,-70.000,540.000,1761203749.660
112594.000,112625.000,112191.000,112208.000,-511.000,-334.000,-64.000,538.000,1761203749.662
112589.000,112666.000,112210.000,112207.000,-494.000,-316.000,-91.000,548.000,1761203749.663
112578.000,112639.000,112198.000,112218.000,-493.000,-330.000,-83.000,560.000,1761203749.665
112595.000,112635.000,112208.000,112202.000,-498.000,-343.000,-86.000,562.000,1761203749.667
112586.000,112657.000,112221.000,112182.000,-517.000,-346.000,-71.000,524.000,1761203749.669
112586.000,112652.000,112219.000,112229.000,-512.000,-337.000,-67.000,555.000,1761203749.670
112567.000,112618.000,112195.000,112175.000,-524.000,-330.000,-83.000,545.000,1761203749.672
112592.000,112655.000,112199.000,112205.000,-501.000,-341.000,-75.000,543.000,1761203749.673
112563.000,112616.000,112185.000,112188.000,-515.000,-331.000,-78.000,518.000,1761203749.675
112566.000,112659.000,112204.000,112189.000,-525.000,-317.000,-80.000,554.000,1761203749.677
112549.000,112627.000,112174.000,112162.000,-507.000,-333.000,-86.000,538.000,1761203749.678
112556.000,112623.000,112203.000,112190.000,-511.000,-339.000,-79.000,543.000,1761203749.680
112561.000,112608.000,112191.000,112191.000,-505.000,-338.000,-71.000,528.000,1761203749.682
112600.000,112628.000,112187.000,112172.000,-504.000,-351.000,-55.000,530.000,1761203749.684
112551.000,112594.000,112174.000,112189.000,-508.000,-352.000,-74.000,544.000,1761203749.685
112560.000,112631.000,112192.000,112199.000,-500.000,-346.000,-60.000,498.000,1761203749.687
112596.000,112634.000,112197.000,112173.000,-524.000,-323.000,-72.000,542.000,1761203749.688
112559.000,112605.000,112177.000,112184.000,-508.000,-337.000,-70.000,544.000,1761203749.690
112641.000,112637.000,112205.000,112178.000,-510.000,-364.000,-68.000,536.000,1761203749.691
112604.000,112644.000,112200.000,112165.000,-513.000,-340.000,-72.000,512.000,1761203749.693
112599.000,112629.000,112227.000,112218.000,-503.000,-353.000,-77.000,534.000,1761203749.695
112569.000,112631.000,112195.000,112180.000,-508.000,-340.000,-72.000,527.000,1761203749.697
112566.000,112617.000,112176.000,112189.000,-503.000,-341.000,-69.000,528.000,1761203749.698
112566.000,112632.000,112226.000,112157.000,-500.000,-337.000,-89.000,514.000,1761203749.700
112584.000,112623.000,112187.000,112173.000,-505.000,-339.000,-68.000,550.000,1761203749.701
112599.000,112627.000,112191.000,112166.000,-502.000,-320.000,-83.000,546.000,1761203749.703
112582.000,112630.000,112170.000,112156.000,-506.000,-354.000,-78.000,543.000,1761203749.704
112607.000,112622.000,112199.000,112215.000,-491.000,-343.000,-74.000,543.000,1761203749.706
112581.000,112623.000,112201.000,112216.000,-490.000,-336.000,-70.000,533.000,1761203749.707
112574.000,112657.000,112214.000,112206.000,-507.000,-327.000,-90.000,563.000,1761203749.709
112585.000,112633.000,112226.000,112207.000,-512.000,-337.000,-66.000,548.000,1761203749.710
112588.000,112638.000,112186.000,112181.000,-500.000,-343.000,-82.000,562.000,1761203749.712
112597.000,112631.000,112205.000,112184.000,-520.000,-346.000,-71.000,526.000,1761203749.714
112593.000,112642.000,112205.000,112197.000,-530.000,-323.000,-68.000,527.000,1761203749.715
112581.000,112613.000,112212.000,112195.000,-497.000,-355.000,-62.000,510.000,1761203749.717
112560.000,112610.000,112198.000,112174.000,-521.000,-345.000,-87.000,563.000,1761203749.719
112589.000,112636.000,112195.000,112185.000,-497.000,-354.000,-75.000,545.000,1761203749.720
112579.000,112631.000,112190.000,112190.000,-514.000,-338.000,-74.000,548.000,1761203749.722
112589.000,112640.000,112190.000,112179.000,-505.000,-335.000,-77.000,534.000,1761203749.723
112615.000,112617.000,112211.000,112199.000,-507.000,-344.000,-76.000,508.000,1761203749.725
112569.000,112625.000,112192.000,112183.000,-511.000,-316.000,-91.000,550.000,1761203749.727
112565.000,112626.000,112189.000,112172.000,-516.000,-336.000,-92.000,517.000,1761203749.729
112561.000,112650.000,112202.000,112202.000,-511.000,-341.000,-64.000,516.000,1761203749.731
112599.000,112631.000,112188.000,112206.000,-516.000,-354.000,-76.000,529.000,1761203749.733
112603.000,112630.000,112194.000,112174.000,-492.000,-353.000,-75.000,537.000,1761203749.734
112595.000,112652.000,112203.000,112202.000,-511.000,-346.000,-66.000,522.000,1761203749.736
112575.000,112637.000,112189.000,112191.000,-483.000,-370.000,-74.000,536.000,1761203749.738
112555.000,112618.000,112207.000,112167.000,-499.000,-349.000,-60.000,533.000,1761203749.739
112564.000,112622.000,112217.000,112192.000,-505.000,-343.000,-69.000,524.000,1761203749.741
112597.000,112642.000,112173.000,112178.000,-496.000,-333.000,-63.000,542.000,1761203749.744
112574.000,112619.000,112190.000,112179.000,-520.000,-347.000,-75.000,563.000,1761203749.745
112566.000,112618.000,112192.000,112171.000,-510.000,-346.000,-73.000,534.000,1761203749.747
112604.000,112624.000,112191.000,112173.000,-511.000,-334.000,-84.000,532.000,1761203749.749
112580.000,112625.000,112186.000,112177.000,-512.000,-329.000,-71.000,532.000,1761203749.751
112622.000,112635.000,112173.000,112154.000,-489.000,-352.000,-81.000,537.000,1761203749.752
112569.000,112650.000,112184.000,112197.000,-528.000,-355.000,-66.000,539.000,1761203749.754
112567.000,112595.000,112159.000,112152.000,-492.000,-343.000,-78.000,533.000,1761203749.755
112583.000,112615.000,112179.000,112185.000,-506.000,-338.000,-80.000,546.000,1761203749.757
112575.000,112614.000,112172.000,112150.000,-498.000,-341.000,-82.000,559.000,1761203749.759
112556.000,112617.000,112163.000,112160.000,-498.000,-328.000,-58.000,539.000,1761203749.761
112558.000,112602.000,112163.000,112151.000,-505.000,-341.000,-67.000,522.000,1761203749.762
112567.000,112610.000,112166.000,112181.000,-511.000,-333.000,-57.000,535.000,1761203749.764
112553.000,112616.000,112199.000,112148.000,-508.000,-339.000,-72.000,520.000,1761203749.765
112572.000,112629.000,112183.000,112196.000,-505.000,-318.000,-72.000,562.000,1761203749.767
112549.000,112582.000,112200.000,112154.000,-509.000,-349.000,-85.000,515.000,1761203749.768
112581.000,112645.000,112214.000,112188.000,-512.000,-326.000,-70.000,548.000,1761203749.770
112584.000,112618.000,112201.000,112182.000,-501.000,-342.000,-62.000,543.000,1761203749.772
112605.000,112653.000,112178.000,112161.000,-506.000,-343.000,-77.000,545.000,1761203749.773
112578.000,112603.000,112167.000,112176.000,-514.000,-346.000,-68.000,519.000,1761203749.775
112596.000,112608.000,112197.000,112167.000,-516.000,-358.000,-71.000,531.000,1761203749.777
112570.000,112611.000,112175.000,112168.000,-504.000,-349.000,-86.000,531.000,1761203749.778
112575.000,112617.000,112192.000,112190.000,-506.000,-325.000,-90.000,548.000,1761203749.780
112558.000,112630.000,112163.000,112169.000,-504.000,-338.000,-77.000,529.000,1761203749.782
112593.000,112612.000,112184.000,112157.000,-517.000,-339.000,-74.000,529.000,1761203749.783
112574.000,112643.000,112207.000,112174.000,-531.000,-318.000,-80.000,511.000,1761203749.785
112575.000,112636.000,112206.000,112183.000,-497.000,-336.000,-75.000,512.000,1761203749.786
112589.000,112620.000,112204.000,112211.000,-506.000,-336.000,-76.000,530.000,1761203749.788
112572.000,112605.000,112180.000,112159.000,-514.000,-345.000,-75.000,556.000,1761203749.789
112579.000,112624.000,112219.000,112181.000,-520.000,-343.000,-71.000,524.000,1761203749.791
112591.000,112633.000,112211.000,112180.000,-517.000,-334.000,-78.000,535.000,1761203749.793
112554.000,112608.000,112204.000,112180.000,-513.000,-339.000,-75.000,543.000,1761203749.796
112601.000,112681.000,112228.000,112211.000,-497.000,-342.000,-66.000,519.000,1761203749.798
112607.000,112663.000,112213.000,112231.000,-509.000,-360.000,-89.000,547.000,1761203749.799
112615.000,112643.000,112211.000,112227.000,-506.000,-337.000,-70.000,539.000,1761203749.801
112606.000,112679.000,112231.000,112229.000,-505.000,-334.000,-69.000,532.000,1761203749.803
112578.000,112642.000,112231.000,112218.000,-500.000,-320.000,-95.000,529.000,1761203749.804
112639.000,112645.000,112218.000,112196.000,-516.000,-333.000,-86.000,535.000,1761203749.806
112647.000,112656.000,112246.000,112208.000,-507.000,-344.000,-66.000,532.000,1761203749.820
112577.000,112645.000,112202.000,112198.000,-523.000,-324.000,-68.000,547.000,1761203749.872
112579.000,112630.000,112198.000,112191.000,-521.000,-336.000,-78.000,537.000,1761203749.924
112592.000,112633.000,112222.000,112215.000,-531.000,-327.000,-76.000,528.000,1761203749.975
112624.000,112666.000,112223.000,112214.000,-512.000,-339.000,-52.000,523.000,1761203750.027
112606.000,112644.000,112252.000,112201.000,-521.000,-343.000,-78.000,540.000,1761203750.079
112596.000,112647.000,112247.000,112251.000,-516.000,-348.000,-76.000,540.000,1761203750.130
112616.000,112650.000,112247.000,112217.000,-506.000,-327.000,-76.000,560.000,1761203750.182
112593.000,112636.000,112215.000,112213.000,-525.000,-327.000,-69.000,555.000,1761203750.234
112606.000,112652.000,112214.000,112203.000,-502.000,-327.000,-94.000,542.000,1761203750.286
112637.000,112675.000,112222.000,112229.000,-495.000,-341.000,-64.000,529.000,1761203750.337
112597.000,112644.000,112227.000,112255.000,-505.000,-351.000,-61.000,540.000,1761203750.388
112582.000,112619.000,112199.000,112235.000,-492.000,-342.000,-76.000,540.000,1761203750.440
112574.000,112622.000,112221.000,112248.000,-500.000,-342.000,-95.000,537.000,1761203750.492
112603.000,112654.000,112211.000,112189.000,-491.000,-340.000,-76.000,542.000,1761203750.543
112628.000,112648.000,112213.000,112208.000,-498.000,-333.000,-64.000,518.000,1761203750.595
112578.000,112627.000,112195.000,112218.000,-517.000,-355.000,-86.000,537.000,1761203750.647
112571.000,112665.000,112208.000,112187.000,-502.000,-331.000,-88.000,510.000,1761203750.698
112593.000,112636.000,112215.000,112200.000,-483.000,-330.000,-81.000,539.000,1761203750.750
112603.000,112670.000,112192.000,112205.000,-497.000,-324.000,-77.000,543.000,1761203750.801
112578.000,112620.000,112192.000,112192.000,-504.000,-343.000,-79.000,523.000,1761203750.853
112572.000,112622.000,112188.000,112182.000,-508.000,-341.000,-67.000,531.000,1761203750.905
112571.000,112636.000,112185.000,112194.000,-521.000,-322.000,-82.000,543.000,1761203750.956
112599.000,112635.000,112244.000,112285.000,-500.000,-338.000,-66.000,542.000,1761203751.008
112623.000,112642.000,112256.000,112233.000,-508.000,-329.000,-89.000,525.000,1761203751.060
112613.000,112658.000,112233.000,112213.000,-505.000,-348.000,-58.000,536.000,1761203751.111
112609.000,112620.000,112224.000,112231.000,-518.000,-333.000,-67.000,549.000,1761203751.163
112592.000,112636.000,112219.000,112209.000,-515.000,-330.000,-76.000,549.000,1761203751.214
112581.000,112640.000,112194.000,112196.000,-507.000,-330.000,-77.000,522.000,1761203751.266
112620.000,112636.000,112210.000,112218.000,-505.000,-333.000,-68.000,544.000,1761203751.318
112612.000,112656.000,112232.000,112242.000,-507.000,-357.000,-59.000,540.000,1761203751.370
112584.000,112640.000,112259.000,112253.000,-507.000,-331.000,-86.000,536.000,1761203751.421
112606.000,112632.000,112229.000,112228.000,-500.000,-342.000,-68.000,521.000,1761203751.472
112582.000,112637.000,112180.000,112204.000,-507.000,-325.000,-68.000,542.000,1761203751.524
112566.000,112617.000,112205.000,112218.000,-507.000,-347.000,-75.000,545.000,1761203751.576
112583.000,112618.000,112277.000,112223.000,-505.000,-340.000,-67.000,526.000,1761203751.627
112547.000,112650.000,112329.000,112274.000,-509.000,-344.000,-67.000,539.000,1761203751.679
112576.000,112675.000,112403.000,112244.000,-482.000,-328.000,-84.000,557.000,1761203751.730
112506.000,112688.000,112648.000,112268.000,-502.000,-346.000,-94.000,547.000,1761203751.782
112503.000,112729.000,112875.000,112328.000,-493.000,-342.000,-86.000,539.000,1761203751.834
112487.000,112708.000,112680.000,112291.000,-518.000,-326.000,-82.000,541.000,1761203751.885
112579.000,112710.000,112674.000,112317.000,-497.000,-347.000,-93.000,535.000,1761203751.937
112550.000,112709.000,112755.000,112326.000,-510.000,-341.000,-82.000,519.000,1761203751.989
112530.000,112724.000,112808.000,112355.000,-504.000,-342.000,-74.000,503.000,1761203752.041
112544.000,112761.000,112889.000,112367.000,-501.000,-344.000,-43.000,536.000,1761203752.092
112553.000,112764.000,112843.000,112359.000,-497.000,-377.000,-67.000,544.000,1761203752.144
112588.000,112842.000,112734.000,112269.000,-500.000,-357.000,-96.000,527.000,1761203752.195
112530.000,112892.000,112785.000,112175.000,-494.000,-372.000,-94.000,538.000,1761203752.247
112472.000,112914.000,113061.000,112160.000,-491.000,-350.000,-112.000,514.000,1761203752.298
112334.000,112894.000,113190.000,112113.000,-489.000,-365.000,-145.000,528.000,1761203752.350
112402.000,112902.000,113059.000,112160.000,-506.000,-342.000,-106.000,536.000,1761203752.402
112584.000,112866.000,112876.000,112239.000,-505.000,-344.000,-115.000,545.000,1761203752.453
112632.000,112848.000,112702.000,112246.000,-491.000,-348.000,-103.000,528.000,1761203752.505
112589.000,112823.000,112949.000,112293.000,-508.000,-356.000,-108.000,529.000,1761203752.557
112608.000,112795.000,112827.000,112320.000,-518.000,-345.000,-95.000,535.000,1761203752.608
112700.000,112798.000,112744.000,112363.000,-499.000,-338.000,-101.000,491.000,1761203752.660
112671.000,112744.000,113036.000,112463.000,-496.000,-342.000,-130.000,530.000,1761203752.712
112608.000,112745.000,113134.000,112401.000,-490.000,-332.000,-85.000,531.000,1761203752.764
112614.000,112745.000,113192.000,112453.000,-511.000,-320.000,-93.000,525.000,1761203752.815
112634.000,112743.000,113355.000,112458.000,-500.000,-343.000,-126.000,512.000,1761203752.867
112452.000,112706.000,113595.000,112472.000,-513.000,-327.000,-101.000,510.000,1761203752.918
112619.000,112718.000,113362.000,112561.000,-520.000,-331.000,-102.000,513.000,1761203752.970
112686.000,112729.000,113294.000,112549.000,-506.000,-335.000,-103.000,529.000,1761203753.022
112617.000,112665.000,113315.000,112592.000,-520.000,-332.000,-69.000,517.000,1761203753.074
112769.000,112623.000,113013.000,112630.000,-522.000,-343.000,-67.000,535.000,1761203753.125
112727.000,112771.000,113040.000,112390.000,-499.000,-326.000,-120.000,498.000,1761203753.177
112611.000,112841.000,113476.000,112475.000,-501.000,-334.000,-103.000,505.000,1761203753.229
112699.000,112744.000,113362.000,112636.000,-499.000,-344.000,-111.000,508.000,1761203753.280
112644.000,112779.000,113603.000,112476.000,-495.000,-358.000,-110.000,505.000,1761203753.332
112634.000,112873.000,113436.000,112447.000,-524.000,-349.000,-106.000,502.000,1761203753.384
112791.000,112871.000,113455.000,112492.000,-488.000,-339.000,-146.000,525.000,1761203753.435
112488.000,112832.000,113749.000,112460.000,-532.000,-327.000,-124.000,522.000,1761203753.487
112693.000,112828.000,113601.000,112592.000,-493.000,-340.000,-120.000,498.000,1761203753.539
112640.000,112763.000,113687.000,112678.000,-516.000,-329.000,-123.000,505.000,1761203753.591
112740.000,112688.000,113569.000,112744.000,-503.000,-323.000,-113.000,497.000,1761203753.642
112721.000,112738.000,113631.000,112702.000,-509.000,-324.000,-140.000,512.000,1761203753.695
112759.000,112767.000,113584.000,112688.000,-519.000,-336.000,-104.000,517.000,1761203753.746
112844.000,112761.000,113525.000,112706.000,-505.000,-333.000,-156.000,527.000,1761203753.797
112723.000,112769.000,113700.000,112721.000,-517.000,-328.000,-94.000,521.000,1761203753.849
112841.000,112771.000,113514.000,112727.000,-534.000,-318.000,-129.000,506.000,1761203753.901
112769.000,112744.000,113686.000,112716.000,-494.000,-315.000,-119.000,505.000,1761203753.952
112779.000,112779.000,113690.000,112710.000,-503.000,-354.000,-122.000,514.000,1761203754.004
112660.000,112839.000,113835.000,112610.000,-512.000,-362.000,-133.000,514.000,1761203754.056
112580.000,112881.000,113812.000,112552.000,-511.000,-341.000,-134.000,493.000,1761203754.107
112618.000,112894.000,113894.000,112581.000,-484.000,-334.000,-143.000,491.000,1761203754.159
112555.000,112907.000,113955.000,112576.000,-479.000,-348.000,-129.000,507.000,1761203754.211
112491.000,112927.000,114069.000,112557.000,-497.000,-330.000,-139.000,509.000,1761203754.263
112477.000,112894.000,114029.000,112662.000,-490.000,-355.000,-138.000,495.000,1761203754.314
112328.000,112830.000,114230.000,112619.000,-491.000,-348.000,-150.000,531.000,1761203754.366
112297.000,112894.000,114201.000,112555.000,-492.000,-344.000,-152.000,527.000,1761203754.418
112166.000,112860.000,114383.000,112503.000,-489.000,-344.000,-136.000,506.000,1761203754.469
112285.000,112997.000,114260.000,112463.000,-492.000,-353.000,-157.000,494.000,1761203754.521
112122.000,112990.000,114409.000,112400.000,-515.000,-348.000,-134.000,493.000,1761203754.573
112171.000,112989.000,114429.000,112449.000,-510.000,-349.000,-125.000,512.000,1761203754.625
111803.000,112971.000,114582.000,112260.000,-513.000,-368.000,-139.000,491.000,1761203754.676
112001.000,113060.000,114460.000,112312.000,-434.000,-344.000,-166.000,510.000,1761203754.728
110915.000,112905.000,114777.000,112020.000,-470.000,-384.000,-136.000,515.000,1761203754.780
111625.000,113315.000,114379.000,111978.000,-435.000,-357.000,-180.000,496.000,1761203754.831
110765.000,113109.000,114802.000,111812.000,-430.000,-386.000,-152.000,478.000,1761203754.883
111254.000,113283.000,114619.000,112011.000,-399.000,-356.000,-185.000,493.000,1761203754.935
110643.000,113081.000,114993.000,111850.000,-434.000,-362.000,-171.000,482.000,1761203754.987
110859.000,113247.000,114825.000,111899.000,-398.000,-362.000,-195.000,495.000,1761203755.038
110402.000,113150.000,115029.000,111740.000,-461.000,-358.000,-151.000,473.000,1761203755.090
111503.000,113187.000,114887.000,112261.000,-384.000,-337.000,-159.000,493.000,1761203755.142
110524.000,113070.000,115113.000,112050.000,-533.000,-354.000,-135.000,513.000,1761203755.193
111957.000,113204.000,114896.000,112368.000,-386.000,-354.000,-148.000,482.000,1761203755.246
110878.000,113120.000,114954.000,112062.000,-501.000,-354.000,-160.000,505.000,1761203755.297
111431.000,113214.000,114953.000,112070.000,-389.000,-379.000,-166.000,527.000,1761203755.349
110815.000,113280.000,114821.000,111961.000,-434.000,-368.000,-178.000,508.000,1761203755.400
110893.000,113226.000,114931.000,111933.000,-442.000,-386.000,-163.000,505.000,1761203755.452
111241.000,113319.000,114763.000,111854.000,-435.000,-376.000,-165.000,500.000,1761203755.504
111343.000,113352.000,114707.000,112089.000,-502.000,-377.000,-156.000,501.000,1761203755.555
112271.000,113405.000,114719.000,112419.000,-423.000,-370.000,-168.000,531.000,1761203755.607
111762.000,113385.000,114713.000,112353.000,-518.000,-364.000,-170.000,546.000,1761203755.659
112443.000,113496.000,114649.000,112384.000,-475.000,-357.000,-151.000,540.000,1761203755.711
112187.000,113451.000,114709.000,112485.000,-505.000,-391.000,-143.000,540.000,1761203755.762
112151.000,113380.000,114848.000,112362.000,-468.000,-400.000,-130.000,549.000,1761203755.814
111960.000,113569.000,114632.000,112146.000,-495.000,-378.000,-120.000,532.000,1761203755.866
112233.000,113546.000,114544.000,111927.000,-449.000,-378.000,-150.000,499.000,1761203755.917
111204.000,113298.000,114588.000,111857.000,-480.000,-371.000,-148.000,520.000,1761203755.969
111557.000,113304.000,114319.000,111802.000,-444.000,-368.000,-156.000,491.000,1761203756.021
111418.000,113041.000,114258.000,112449.000,-497.000,-335.000,-101.000,529.000,1761203756.072
112413.000,112914.000,113936.000,112370.000,-424.000,-350.000,-156.000,508.000,1761203756.124
111576.000,112785.000,114162.000,112298.000,-496.000,-335.000,-117.000,504.000,1761203756.176
112084.000,112758.000,113978.000,112360.000,-470.000,-329.000,-145.000,483.000,1761203756.228
111814.000,112736.000,113950.000,112292.000,-463.000,-330.000,-165.000,511.000,1761203756.279
111917.000,112748.000,113899.000,112297.000,-470.000,-327.000,-109.000,500.000,1761203756.331
112003.000,112756.000,113682.000,112290.000,-472.000,-339.000,-113.000,500.000,1761203756.383
112041.000,112750.000,113478.000,112229.000,-467.000,-354.000,-111.000,522.000,1761203756.434
112096.000,112790.000,113373.000,112244.000,-475.000,-340.000,-96.000,511.000,1761203756.486
112080.000,112762.000,113292.000,112243.000,-491.000,-348.000,-126.000,495.000,1761203756.538
112126.000,112758.000,113241.000,112199.000,-483.000,-335.000,-82.000,503.000,1761203756.589
112185.000,112756.000,113105.000,112163.000,-480.000,-331.000,-97.000,521.000,1761203756.641
112174.000,112770.000,113040.000,112154.000,-480.000,-347.000,-103.000,526.000,1761203756.693
112180.000,112789.000,112962.000,112089.000,-474.000,-347.000,-100.000,516.000,1761203756.744
112195.000,112777.000,112930.000,112127.000,-489.000,-341.000,-90.000,528.000,1761203756.796
112209.000,112739.000,112908.000,112064.000,-472.000,-338.000,-105.000,534.000,1761203756.848
112169.000,112772.000,112875.000,112064.000,-470.000,-337.000,-98.000,511.000,1761203756.899
112186.000,112750.000,112822.000,112064.000,-475.000,-351.000,-83.000,541.000,1761203756.951
112188.000,112743.000,112787.000,112075.000,-493.000,-314.000,-101.000,539.000,1761203757.003
112218.000,112762.000,112777.000,112065.000,-471.000,-349.000,-93.000,524.000,1761203757.054
112261.000,112751.000,112751.000,112088.000,-485.000,-336.000,-103.000,513.000,1761203757.106
112195.000,112720.000,112800.000,112151.000,-455.000,-338.000,-97.000,516.000,1761203757.158
112184.000,112727.000,112812.000,112101.000,-499.000,-345.000,-104.000,527.000,1761203757.209
112150.000,112766.000,112932.000,112065.000,-481.000,-328.000,-97.000,540.000,1761203757.261
112135.000,112706.000,112947.000,112097.000,-474.000,-330.000,-115.000,513.000,1761203757.313
112126.000,112729.000,113062.000,112180.000,-485.000,-333.000,-95.000,518.000,1761203757.364
112178.000,112729.000,112808.000,112113.000,-457.000,-338.000,-126.000,548.000,1761203757.416
112165.000,112715.000,112773.000,112124.000,-487.000,-341.000,-91.000,544.000,1761203757.468
112228.000,112762.000,112663.000,112088.000,-465.000,-340.000,-88.000,533.000,1761203757.519
112241.000,112723.000,112771.000,112190.000,-461.000,-333.000,-97.000,508.000,1761203757.571
112183.000,112739.000,112834.000,112131.000,-480.000,-341.000,-83.000,523.000,1761203757.622
112215.000,112696.000,112797.000,112125.000,-482.000,-340.000,-80.000,495.000,1761203757.674
112147.000,112751.000,113016.000,112107.000,-473.000,-338.000,-101.000,505.000,1761203757.726
112069.000,112771.000,113364.000,112142.000,-479.000,-346.000,-105.000,513.000,1761203757.777
112075.000,112767.000,113191.000,112153.000,-473.000,-334.000,-104.000,519.000,1761203757.830
112114.000,112780.000,113041.000,112116.000,-489.000,-327.000,-121.000,509.000,1761203757.881
112122.000,112768.000,113219.000,112177.000,-483.000,-330.000,-106.000,507.000,1761203757.933
112164.000,112726.000,113146.000,112285.000,-451.000,-360.000,-99.000,534.000,1761203757.984
112187.000,112765.000,113050.000,112237.000,-474.000,-339.000,-92.000,503.000,1761203758.036
112115.000,112741.000,113192.000,112179.000,-470.000,-340.000,-108.000,507.000,1761203758.087
112088.000,112738.000,113301.000,112194.000,-476.000,-335.000,-92.000,516.000,1761203758.139
112191.000,112779.000,113309.000,112195.000,-501.000,-340.000,-12.000,525.000,1761203758.191
112218.000,112850.000,113889.000,112228.000,-473.000,-333.000,255.000,513.000,1761203758.243
112074.000,112926.000,115740.000,112050.000,-472.000,-361.000,1013.000,551.000,1761203758.294
111823.000,112994.000,118292.000,111587.000,-457.000,-365.000,2215.000,537.000,1761203758.346
111583.000,113055.000,120392.000,111186.000,-449.000,-382.000,2940.000,530.000,1761203758.398
111222.000,113056.000,121271.000,110878.000,-422.000,-349.000,3211.000,532.000,1761203758.449
110839.000,113132.000,121792.000,110536.000,-434.000,-383.000,3407.000,531.000,1761203758.501
110674.000,113153.000,122211.000,110245.000,-425.000,-380.000,3611.000,541.000,1761203758.553
110562.000,113171.000,122978.000,110215.000,-434.000,-362.000,3791.000,501.000,1761203758.605
110730.000,113144.000,123642.000,110622.000,-443.000,-359.000,3896.000,494.000,1761203758.656
111021.000,112981.000,124466.000,111530.000,-488.000,-379.000,3750.000,549.000,1761203758.708
111661.000,113054.000,125633.000,111557.000,-492.000,-346.000,2626.000,514.000,1761203758.760
112049.000,112891.000,128402.000,112169.000,-471.000,-362.000,625.000,532.000,1761203758.811
112068.000,112854.000,130026.000,112113.000,-470.000,-359.000,46.000,550.000,1761203758.863
112030.000,112889.000,130113.000,112119.000,-460.000,-342.000,0.000,554.000,1761203758.915
112031.000,112838.000,130120.000,112154.000,-461.000,-373.000,10.000,554.000,1761203758.966
111907.000,112805.000,129695.000,112155.000,-453.000,-341.000,981.000,525.000,1761203759.017
111741.000,112755.000,130120.000,112262.000,-456.000,-331.000,0.000,542.000,1761203759.069
111671.000,112737.000,130108.000,112193.000,-429.000,-339.000,0.000,511.000,1761203759.120
111182.000,112668.000,130120.000,112086.000,-401.000,-333.000,0.000,515.000,1761203759.172
110837.000,112481.000,130120.000,112150.000,-413.000,-335.000,0.000,539.000,1761203759.223
110571.000,112459.000,130120.000,112085.000,-405.000,-339.000,0.000,561.000,1761203759.275
110309.000,112349.000,130120.000,112004.000,-415.000,-319.000,0.000,540.000,1761203759.326
109933.000,112177.000,130120.000,111976.000,-386.000,-332.000,0.000,575.000,1761203759.377
109749.000,112081.000,130120.000,111932.000,-390.000,-314.000,0.000,542.000,1761203759.429
109561.000,112005.000,130120.000,111932.000,-387.000,-317.000,0.000,548.000,1761203759.480
109450.000,111988.000,130120.000,111957.000,-381.000,-306.000,0.000,580.000,1761203759.532
109248.000,111859.000,130120.000,111885.000,-381.000,-324.000,0.000,601.000,1761203759.584
109328.000,111845.000,130120.000,111921.000,-427.000,-298.000,0.000,574.000,1761203759.635
109856.000,112036.000,130120.000,111941.000,-426.000,-339.000,0.000,574.000,1761203759.687
110569.000,112413.000,130120.000,112411.000,-508.000,-365.000,0.000,618.000,1761203759.738
111695.000,112549.000,130120.000,112474.000,-458.000,-357.000,0.000,595.000,1761203759.789
111075.000,112533.000,130120.000,112322.000,-470.000,-344.000,939.000,511.000,1761203759.841
111645.000,112692.000,117112.000,112430.000,-458.000,-350.000,198.000,523.000,1761203759.892
111687.000,112661.000,114576.000,112350.000,-464.000,-351.000,-50.000,540.000,1761203759.944
111540.000,112708.000,114470.000,112920.000,-504.000,-357.000,-1.000,678.000,1761203759.996
112249.000,112758.000,113865.000,115099.000,-524.000,-344.000,71.000,2387.000,1761203760.047
112681.000,112836.000,112415.000,119038.000,-531.000,-355.000,92.000,3796.000,1761203760.099
113191.000,112807.000,110850.000,122042.000,-543.000,-357.000,99.000,5487.000,1761203760.151
113531.000,112808.000,110086.000,124579.000,-558.000,-384.000,169.000,5634.000,1761203760.202
113880.000,112929.000,108846.000,124127.000,-592.000,-380.000,100.000,6033.000,1761203760.254
114057.000,112796.000,108311.000,123088.000,-590.000,-362.000,69.000,6122.000,1761203760.306
114094.000,112736.000,108215.000,123036.000,-570.000,-351.000,53.000,6079.000,1761203760.357
113983.000,112801.000,108393.000,122787.000,-576.000,-361.000,36.000,6091.000,1761203760.409
113897.000,112827.000,108725.000,123908.000,-587.000,-388.000,132.000,5673.000,1761203760.461
113808.000,113177.000,109154.000,125368.000,-537.000,-414.000,139.000,4535.000,1761203760.512
113866.000,113157.000,108593.000,125896.000,-575.000,-392.000,72.000,3689.000,1761203760.564
114114.000,113021.000,108998.000,127233.000,-552.000,-365.000,28.000,2383.000,1761203760.616
113664.000,112952.000,111237.000,128085.000,-548.000,-340.000,68.000,2479.000,1761203760.667
113230.000,112867.000,112423.000,125909.000,-555.000,-339.000,71.000,5174.000,1761203760.719
113240.000,112827.000,112301.000,120773.000,-537.000,-327.000,39.000,1981.000,1761203760.771
113186.000,112767.000,112542.000,116030.000,-520.000,-328.000,57.000,1164.000,1761203760.822
113123.000,112754.000,112648.000,114712.000,-545.000,-322.000,42.000,819.000,1761203760.874
113076.000,112723.000,112705.000,113909.000,-536.000,-327.000,19.000,703.000,1761203760.925
113147.000,112718.000,112503.000,113801.000,-532.000,-321.000,43.000,727.000,1761203760.977
113144.000,112702.000,112384.000,114109.000,-530.000,-332.000,46.000,823.000,1761203761.028
113213.000,112714.000,112255.000,115010.000,-536.000,-329.000,53.000,1334.000,1761203761.080
113219.000,112714.000,112626.000,116418.000,-545.000,-343.000,69.000,1338.000,1761203761.132
113209.000,112634.000,113030.000,115495.000,-560.000,-333.000,149.000,974.000,1761203761.183
113266.000,112478.000,112923.000,114719.000,-525.000,-322.000,239.000,822.000,1761203761.234
113370.000,112258.000,112893.000,114417.000,-540.000,-319.000,341.000,774.000,1761203761.286
113387.000,112105.000,112967.000,114476.000,-565.000,-293.000,385.000,751.000,1761203761.338
113431.000,111992.000,112739.000,114523.000,-551.000,-289.000,425.000,778.000,1761203761.389
113472.000,111943.000,112637.000,114606.000,-560.000,-333.000,458.000,778.000,1761203761.441
113460.000,111876.000,112664.000,114632.000,-567.000,-319.000,460.000,778.000,1761203761.493
113483.000,111916.000,112795.000,114685.000,-563.000,-304.000,426.000,815.000,1761203761.544
113482.000,112060.000,113174.000,114803.000,-559.000,-322.000,412.000,851.000,1761203761.596
113370.000,112302.000,114267.000,114841.000,-543.000,-325.000,397.000,891.000,1761203761.648
113165.000,112583.000,114683.000,114843.000,-542.000,-333.000,414.000,835.000,1761203761.699
113117.000,112671.000,114471.000,114376.000,-552.000,-323.000,451.000,730.000,1761203761.751
113084.000,112715.000,114319.000,113838.000,-573.000,-325.000,388.000,688.000,1761203761.802
113063.000,112712.000,113949.000,113305.000,-568.000,-327.000,262.000,627.000,1761203761.854
113041.000,112701.000,113332.000,113105.000,-562.000,-315.000,210.000,600.000,1761203761.905
113091.000,112735.000,113052.000,113074.000,-575.000,-296.000,95.000,574.000,1761203761.957
113111.000,112648.000,112632.000,113132.000,-556.000,-341.000,5.000,619.000,1761203762.009
113071.000,112684.000,112594.000,113148.000,-558.000,-334.000,-7.000,626.000,1761203762.060
113067.000,112682.000,112667.000,113201.000,-553.000,-331.000,-8.000,640.000,1761203762.112
113069.000,112668.000,112787.000,113278.000,-548.000,-340.000,223.000,649.000,1761203762.163
113059.000,112684.000,116861.000,113158.000,-553.000,-304.000,2446.000,638.000,1761203762.215
113033.000,112676.000,119607.000,113083.000,-554.000,-331.000,3333.000,596.000,1761203762.267
113003.000,112677.000,122134.000,113000.000,-539.000,-335.000,4411.000,631.000,1761203762.318
112995.000,112668.000,125585.000,112927.000,-555.000,-323.000,2090.000,612.000,1761203762.370
113007.000,112669.000,129290.000,112847.000,-547.000,-323.000,385.000,615.000,1761203762.422
113004.000,112673.000,129792.000,112850.000,-530.000,-327.000,679.000,606.000,1761203762.473
112958.000,112665.000,128742.000,112941.000,-558.000,-303.000,2901.000,580.000,1761203762.525
113045.000,112658.000,127378.000,112831.000,-557.000,-338.000,2625.000,604.000,1761203762.577
113057.000,112655.000,127110.000,112886.000,-558.000,-325.000,2697.000,605.000,1761203762.629
113059.000,112637.000,130120.000,112975.000,-546.000,-318.000,0.000,628.000,1761203762.680
113051.000,112629.000,130120.000,112838.000,-552.000,-333.000,0.000,627.000,1761203762.732
113029.000,112669.000,130120.000,112714.000,-543.000,-327.000,0.000,594.000,1761203762.783
112997.000,112645.000,130120.000,112710.000,-563.000,-328.000,0.000,610.000,1761203762.835
113028.000,112650.000,130120.000,112740.000,-519.000,-319.000,0.000,603.000,1761203762.886
113017.000,112643.000,130120.000,112678.000,-546.000,-323.000,0.000,609.000,1761203762.937
113082.000,112668.000,130120.000,112696.000,-532.000,-334.000,0.000,602.000,1761203762.989
112994.000,112638.000,130083.000,112506.000,-542.000,-335.000,4050.000,547.000,1761203763.041
113030.000,112630.000,118829.000,112411.000,-558.000,-304.000,272.000,559.000,1761203763.092
113030.000,112657.000,112451.000,112372.000,-534.000,-312.000,-4.000,538.000,1761203763.144
113038.000,112663.000,112053.000,112371.000,-530.000,-338.000,-24.000,515.000,1761203763.195
113002.000,112637.000,111957.000,112362.000,-557.000,-325.000,-54.000,559.000,1761203763.247
112995.000,112648.000,111959.000,112360.000,-538.000,-323.000,-60.000,533.000,1761203763.299
113014.000,112650.000,111983.000,112360.000,-565.000,-328.000,-46.000,530.000,1761203763.350
112985.000,112605.000,111947.000,112334.000,-534.000,-351.000,-56.000,540.000,1761203763.402
112995.000,112644.000,111951.000,112347.000,-547.000,-341.000,-58.000,544.000,1761203763.453
113023.000,112657.000,111992.000,112366.000,-550.000,-320.000,-59.000,550.000,1761203763.505
112976.000,112624.000,112005.000,112338.000,-544.000,-322.000,-64.000,543.000,1761203763.557
112984.000,112641.000,112092.000,112366.000,-538.000,-339.000,-54.000,530.000,1761203763.609
112992.000,112631.000,112107.000,112390.000,-542.000,-331.000,-61.000,541.000,1761203763.660
112980.000,112643.000,112084.000,112384.000,-546.000,-320.000,-69.000,524.000,1761203763.711
112976.000,112648.000,112063.000,112341.000,-555.000,-327.000,-54.000,539.000,1761203763.763
112983.000,112627.000,112019.000,112368.000,-544.000,-325.000,-44.000,540.000,1761203763.815
112980.000,112648.000,112035.000,112357.000,-530.000,-329.000,-82.000,524.000,1761203763.866
112978.000,112629.000,112149.000,112361.000,-548.000,-323.000,-63.000,538.000,1761203763.918
112943.000,112646.000,112205.000,112353.000,-567.000,-310.000,-58.000,530.000,1761203763.969
112987.000,112648.000,111962.000,112307.000,-536.000,-320.000,-69.000,534.000,1761203764.021
112966.000,112608.000,111915.000,112292.000,-530.000,-327.000,-86.000,535.000,1761203764.073
112998.000,112621.000,111936.000,112303.000,-535.000,-311.000,-51.000,540.000,1761203764.124
113000.000,112619.000,111889.000,112305.000,-559.000,-331.000,-57.000,526.000,1761203764.176
113013.000,112677.000,111924.000,112297.000,-558.000,-321.000,-46.000,539.000,1761203764.228
112973.000,112619.000,111935.000,112307.000,-546.000,-321.000,-63.000,533.000,1761203764.279
113002.000,112630.000,111891.000,112282.000,-550.000,-335.000,-60.000,548.000,1761203764.331
112987.000,112609.000,111873.000,112326.000,-554.000,-324.000,-75.000,551.000,1761203764.382
112995.000,112618.000,111901.000,112289.000,-539.000,-327.000,-59.000,566.000,1761203764.434
112994.000,112614.000,111922.000,112294.000,-562.000,-327.000,-55.000,541.000,1761203764.486
112950.000,112594.000,111878.000,112271.000,-533.000,-326.000,-64.000,543.000,1761203764.537
112996.000,112585.000,111860.000,112310.000,-560.000,-308.000,-64.000,552.000,1761203764.589
112995.000,112646.000,111892.000,112311.000,-540.000,-327.000,-64.000,538.000,1761203764.640
112995.000,112628.000,111894.000,112275.000,-551.000,-336.000,-71.000,567.000,1761203764.692
113002.000,112620.000,111910.000,112277.000,-550.000,-330.000,-63.000,546.000,1761203764.744
112991.000,112598.000,111872.000,112291.000,-522.000,-329.000,-46.000,535.000,1761203764.796
112971.000,112609.000,111935.000,112263.000,-546.000,-322.000,-63.000,545.000,1761203764.847
112983.000,112617.000,111983.000,112326.000,-539.000,-328.000,-59.000,539.000,1761203764.899
112996.000,112627.000,111943.000,112336.000,-553.000,-329.000,-61.000,555.000,1761203764.950
112997.000,112629.000,111886.000,112283.000,-540.000,-350.000,-50.000,531.000,1761203765.002
112969.000,112640.000,111882.000,112272.000,-554.000,-342.000,-45.000,524.000,1761203765.054
112994.000,112617.000,111888.000,112281.000,-549.000,-320.000,-74.000,549.000,1761203765.105
113031.000,112648.000,111933.000,112289.000,-545.000,-328.000,-39.000,549.000,1761203765.157
113008.000,112616.000,111923.000,112283.000,-549.000,-341.000,-58.000,538.000,1761203765.209
112982.000,112624.000,111907.000,112286.000,-540.000,-310.000,-56.000,530.000,1761203765.260
112948.000,112590.000,111879.000,112239.000,-546.000,-315.000,-65.000,522.000,1761203765.312
112961.000,112614.000,111913.000,112268.000,-527.000,-310.000,-68.000,563.000,1761203765.363
112979.000,112623.000,111950.000,112284.000,-512.000,-325.000,-71.000,555.000,1761203765.415
112960.000,112599.000,111902.000,112254.000,-555.000,-332.000,-81.000,540.000,1761203765.467
112985.000,112627.000,111900.000,112272.000,-543.000,-332.000,-70.000,556.000,1761203765.518
113005.000,112655.000,111901.000,112310.000,-534.000,-314.000,-60.000,525.000,1761203765.570
112962.000,112612.000,111960.000,112318.000,-543.000,-335.000,-78.000,544.000,1761203765.622
112987.000,112652.000,111963.000,112307.000,-544.000,-324.000,-59.000,524.000,1761203765.673
112962.000,112626.000,111940.000,112313.000,-537.000,-315.000,-75.000,550.000,1761203765.725
112961.000,112617.000,111890.000,112283.000,-555.000,-318.000,-72.000,547.000,1761203765.776
112964.000,112616.000,111902.000,112273.000,-557.000,-310.000,-67.000,548.000,1761203765.828
112956.000,112645.000,111930.000,112297.000,-541.000,-315.000,-74.000,563.000,1761203765.880
112978.000,112661.000,111924.000,112292.000,-547.000,-310.000,-72.000,550.000,1761203765.931
112972.000,112624.000,111851.000,112271.000,-546.000,-334.000,-58.000,534.000,1761203765.983
112967.000,112625.000,111796.000,112279.000,-519.000,-345.000,-55.000,539.000,1761203766.035
112933.000,112647.000,111717.000,112252.000,-518.000,-343.000,-59.000,532.000,1761203766.086
112961.000,112648.000,111644.000,112284.000,-542.000,-333.000,-71.000,552.000,1761203766.138
112921.000,112623.000,111589.000,112270.000,-536.000,-329.000,-57.000,555.000,1761203766.189
112897.000,112630.000,111487.000,112231.000,-527.000,-328.000,-61.000,551.000,1761203766.241
112866.000,112613.000,111254.000,112155.000,-528.000,-364.000,-36.000,559.000,1761203766.293
112885.000,112651.000,111105.000,112097.000,-528.000,-359.000,-44.000,556.000,1761203766.344
112894.000,112588.000,110879.000,112071.000,-524.000,-344.000,-31.000,571.000,1761203766.396
112882.000,112639.000,110834.000,112097.000,-515.000,-361.000,-28.000,571.000,1761203766.447
112890.000,112633.000,110703.000,112018.000,-525.000,-351.000,-29.000,571.000,1761203766.499
112929.000,112590.000,110546.000,111991.000,-551.000,-342.000,-21.000,563.000,1761203766.551
112947.000,112581.000,110443.000,111976.000,-529.000,-347.000,-5.000,563.000,1761203766.602
112921.000,112543.000,110293.000,111944.000,-502.000,-361.000,-14.000,581.000,1761203766.654
112938.000,112559.000,110268.000,111927.000,-536.000,-348.000,16.000,561.000,1761203766.705
112925.000,112567.000,110251.000,111934.000,-530.000,-354.000,-17.000,570.000,1761203766.757
112929.000,112559.000,110232.000,111926.000,-532.000,-348.000,11.000,549.000,1761203766.808
112912.000,112543.000,110192.000,111865.000,-522.000,-349.000,-21.000,582.000,1761203766.860
112899.000,112520.000,110102.000,111872.000,-521.000,-343.000,-36.000,584.000,1761203766.912
112926.000,112478.000,109992.000,111860.000,-529.000,-359.000,-12.000,585.000,1761203766.963
112980.000,112493.000,109906.000,111879.000,-523.000,-351.000,-14.000,575.000,1761203767.015
112981.000,112507.000,109876.000,111845.000,-537.000,-364.000,-2.000,573.000,1761203767.067
112970.000,112481.000,109826.000,111828.000,-529.000,-343.000,5.000,577.000,1761203767.118
113015.000,112478.000,109797.000,111827.000,-523.000,-378.000,-7.000,594.000,1761203767.170
113040.000,112506.000,109861.000,111872.000,-522.000,-350.000,8.000,564.000,1761203767.221
113016.000,112502.000,109863.000,111831.000,-523.000,-348.000,-18.000,580.000,1761203767.273
113030.000,112504.000,109965.000,111870.000,-545.000,-332.000,-2.000,554.000,1761203767.324
113015.000,112515.000,110186.000,111951.000,-531.000,-360.000,-24.000,563.000,1761203767.376
113040.000,112563.000,110720.000,112094.000,-530.000,-339.000,-61.000,550.000,1761203767.427
112982.000,112630.000,111389.000,112239.000,-536.000,-343.000,-87.000,549.000,1761203767.479
112917.000,112595.000,111704.000,112269.000,-555.000,-342.000,-55.000,561.000,1761203767.531
112980.000,112622.000,111810.000,112311.000,-536.000,-344.000,-63.000,560.000,1761203767.582
112975.000,112646.000,111837.000,112259.000,-548.000,-301.000,-77.000,532.000,1761203767.634
112983.000,112593.000,111818.000,112273.000,-511.000,-324.000,-66.000,552.000,1761203767.686
112994.000,112663.000,111869.000,112293.000,-551.000,-323.000,-64.000,544.000,1761203767.737
112940.000,112596.000,111806.000,112229.000,-544.000,-322.000,-81.000,542.000,1761203767.789
112989.000,112580.000,111845.000,112258.000,-547.000,-330.000,-61.000,560.000,1761203767.840
112963.000,112616.000,111845.000,112275.000,-518.000,-331.000,-37.000,544.000,1761203767.892
112961.000,112610.000,111828.000,112259.000,-542.000,-321.000,-55.000,535.000,1761203767.944
112937.000,112585.000,111823.000,112259.000,-550.000,-330.000,-61.000,536.000,1761203767.995
112988.000,112612.000,111850.000,112258.000,-570.000,-328.000,-81.000,544.000,1761203768.047
112974.000,112632.000,111870.000,112280.000,-520.000,-331.000,-76.000,531.000,1761203768.099
112999.000,112635.000,111882.000,112305.000,-541.000,-325.000,-65.000,528.000,1761203768.150
112964.000,112609.000,111868.000,112264.000,-540.000,-337.000,-38.000,539.000,1761203768.203
112961.000,112610.000,111958.000,112374.000,-537.000,-326.000,-55.000,553.000,1761203768.254
112957.000,112651.000,111920.000,112375.000,-547.000,-320.000,-82.000,533.000,1761203768.305
112950.000,112617.000,111955.000,112344.000,-540.000,-320.000,-56.000,536.000,1761203768.357
112958.000,112599.000,111987.000,112357.000,-528.000,-330.000,-73.000,517.000,1761203768.408
112949.000,112649.000,112119.000,112355.000,-527.000,-326.000,-69.000,549.000,1761203768.460
112913.000,112676.000,112341.000,112361.000,-524.000,-325.000,-76.000,531.000,1761203768.511
112915.000,112636.000,112448.000,112456.000,-527.000,-329.000,-78.000,524.000,1761203768.563
112886.000,112625.000,112543.000,112467.000,-541.000,-354.000,-59.000,537.000,1761203768.615
112906.000,112640.000,112707.000,112450.000,-531.000,-325.000,-57.000,541.000,1761203768.666
112843.000,112656.000,112722.000,112443.000,-542.000,-320.000,-9.000,532.000,1761203768.718
112860.000,112718.000,112992.000,112443.000,-537.000,-347.000,114.000,540.000,1761203768.769
112823.000,112647.000,113440.000,112453.000,-543.000,-321.000,1845.000,532.000,1761203768.821
112835.000,112622.000,120739.000,112507.000,-537.000,-327.000,3142.000,533.000,1761203768.873
112737.000,112659.000,118214.000,112332.000,-580.000,-349.000,1964.000,507.000,1761203768.925
112590.000,112643.000,117692.000,112404.000,-560.000,-346.000,2404.000,527.000,1761203768.976
112669.000,112597.000,119320.000,112458.000,-561.000,-322.000,2881.000,511.000,1761203769.028
112757.000,112565.000,119368.000,112515.000,-535.000,-358.000,3128.000,512.000,1761203769.080
112630.000,112537.000,120137.000,112497.000,-555.000,-310.000,3076.000,528.000,1761203769.132
112583.000,112568.000,120035.000,112540.000,-554.000,-320.000,3099.000,509.000,1761203769.183
112681.000,112569.000,119541.000,112559.000,-539.000,-325.000,3075.000,539.000,1761203769.235
112795.000,112586.000,119789.000,112585.000,-524.000,-320.000,3447.000,542.000,1761203769.287
112871.000,112602.000,121482.000,112563.000,-542.000,-321.000,4381.000,561.000,1761203769.339
112982.000,112601.000,123950.000,112727.000,-558.000,-313.000,5121.000,530.000,1761203769.390
113070.000,112623.000,123102.000,112773.000,-512.000,-334.000,4433.000,527.000,1761203769.442
113151.000,112656.000,129179.000,112860.000,-508.000,-334.000,18.000,540.000,1761203769.493
113194.000,112658.000,130120.000,112832.000,-525.000,-334.000,0.000,562.000,1761203769.545
113329.000,112637.000,130120.000,112843.000,-525.000,-305.000,0.000,623.000,1761203769.596
113494.000,112699.000,130120.000,112383.000,-517.000,-323.000,0.000,572.000,1761203769.648
113402.000,112815.000,130120.000,112790.000,-512.000,-324.000,0.000,610.000,1761203769.699
113335.000,112895.000,130120.000,112659.000,-502.000,-323.000,0.000,623.000,1761203769.751
113310.000,112904.000,130120.000,112655.000,-500.000,-340.000,0.000,628.000,1761203769.802
113191.000,112901.000,130120.000,112585.000,-517.000,-359.000,0.000,629.000,1761203769.854
113078.000,112863.000,130120.000,112694.000,-539.000,-333.000,0.000,670.000,1761203769.905
113159.000,112776.000,130120.000,112481.000,-535.000,-337.000,0.000,636.000,1761203769.956
113078.000,112748.000,130120.000,112620.000,-540.000,-332.000,0.000,636.000,1761203770.008
112907.000,112738.000,130120.000,112695.000,-534.000,-327.000,0.000,604.000,1761203770.059
112916.000,112752.000,130120.000,112601.000,-527.000,-342.000,0.000,601.000,1761203770.111
112863.000,112743.000,130120.000,112628.000,-541.000,-337.000,0.000,600.000,1761203770.162
112781.000,112750.000,130120.000,112532.000,-529.000,-344.000,0.000,608.000,1761203770.214
112695.000,112771.000,130120.000,112568.000,-531.000,-356.000,0.000,619.000,1761203770.265
112726.000,112765.000,130120.000,112450.000,-540.000,-370.000,0.000,633.000,1761203770.316
112479.000,112835.000,130120.000,112244.000,-544.000,-375.000,0.000,627.000,1761203770.368
112338.000,112843.000,130120.000,112161.000,-540.000,-379.000,0.000,648.000,1761203770.420
112240.000,112811.000,130120.000,111995.000,-494.000,-383.000,0.000,647.000,1761203770.471
111304.000,112782.000,130120.000,111781.000,-450.000,-409.000,0.000,618.000,1761203770.522
111310.000,112773.000,130120.000,111814.000,-445.000,-384.000,0.000,611.000,1761203770.575
111352.000,112743.000,130120.000,111794.000,-460.000,-369.000,0.000,589.000,1761203770.625
111309.000,112766.000,130120.000,111879.000,-481.000,-396.000,0.000,598.000,1761203770.677
111665.000,112779.000,130120.000,112000.000,-483.000,-377.000,0.000,607.000,1761203770.728
111857.000,112748.000,130120.000,112142.000,-511.000,-337.000,0.000,599.000,1761203770.780
112136.000,112733.000,130120.000,112289.000,-492.000,-342.000,0.000,598.000,1761203770.831
112288.000,112714.000,130120.000,112323.000,-486.000,-330.000,0.000,604.000,1761203770.883
112300.000,112664.000,130120.000,112319.000,-514.000,-337.000,0.000,605.000,1761203770.934
112346.000,112629.000,130120.000,112343.000,-511.000,-321.000,0.000,596.000,1761203770.986
112348.000,112618.000,130120.000,112416.000,-480.000,-329.000,0.000,601.000,1761203771.037
112268.000,112624.000,130120.000,112431.000,-502.000,-329.000,0.000,620.000,1761203771.088
112394.000,112603.000,130120.000,112566.000,-513.000,-313.000,0.000,581.000,1761203771.140
112612.000,112617.000,130120.000,112736.000,-501.000,-323.000,0.000,606.000,1761203771.191
112804.000,112611.000,130120.000,112919.000,-531.000,-337.000,0.000,602.000,1761203771.243
112993.000,112657.000,130120.000,113000.000,-530.000,-328.000,0.000,609.000,1761203771.294
113051.000,112659.000,130120.000,112956.000,-554.000,-308.000,0.000,571.000,1761203771.346
113122.000,112695.000,130120.000,113049.000,-565.000,-288.000,0.000,556.000,1761203771.397
113211.000,112681.000,130120.000,112922.000,-563.000,-293.000,0.000,597.000,1761203771.448
113411.000,112582.000,130120.000,112992.000,-555.000,-270.000,0.000,573.000,1761203771.500
113389.000,112523.000,130120.000,112959.000,-544.000,-276.000,0.000,546.000,1761203771.551
113296.000,112645.000,129225.000,113047.000,-541.000,-324.000,1534.000,518.000,1761203771.603
113096.000,112721.000,129380.000,112915.000,-512.000,-332.000,56.000,563.000,1761203771.655
112912.000,112717.000,130120.000,112845.000,-499.000,-326.000,0.000,559.000,1761203771.706
112690.000,112650.000,130120.000,112715.000,-519.000,-326.000,0.000,592.000,1761203771.757
112648.000,112686.000,130120.000,112559.000,-498.000,-352.000,0.000,591.000,1761203771.809
112443.000,112660.000,130120.000,112455.000,-513.000,-324.000,0.000,561.000,1761203771.860
112453.000,112708.000,130120.000,112334.000,-528.000,-348.000,0.000,558.000,1761203771.912
112361.000,112683.000,130120.000,112438.000,-513.000,-337.000,0.000,559.000,1761203771.963
112428.000,112667.000,130120.000,112641.000,-529.000,-318.000,0.000,549.000,1761203772.015
112308.000,112632.000,130120.000,112805.000,-542.000,-330.000,0.000,559.000,1761203772.066
112161.000,112599.000,130120.000,112814.000,-517.000,-322.000,0.000,543.000,1761203772.118
112178.000,112571.000,130120.000,112909.000,-512.000,-323.000,0.000,538.000,1761203772.169
112070.000,112578.000,130120.000,112895.000,-497.000,-327.000,0.000,567.000,1761203772.221
111983.000,112515.000,130120.000,113000.000,-474.000,-319.000,0.000,536.000,1761203772.272
111913.000,112420.000,130120.000,113079.000,-488.000,-339.000,0.000,536.000,1761203772.323
111522.000,112297.000,130120.000,113078.000,-474.000,-321.000,0.000,530.000,1761203772.375
111544.000,112268.000,130120.000,113097.000,-446.000,-320.000,0.000,509.000,1761203772.426
111534.000,112287.000,130120.000,113053.000,-500.000,-326.000,0.000,518.000,1761203772.478
112119.000,112361.000,130120.000,113181.000,-506.000,-310.000,0.000,547.000,1761203772.529
112416.000,112442.000,130120.000,113012.000,-492.000,-312.000,0.000,548.000,1761203772.581
112319.000,112535.000,130120.000,112952.000,-516.000,-344.000,0.000,572.000,1761203772.632
112669.000,112632.000,130120.000,112830.000,-505.000,-345.000,0.000,583.000,1761203772.684
112539.000,112703.000,130120.000,112604.000,-509.000,-347.000,0.000,583.000,1761203772.735
112694.000,112760.000,130120.000,112591.000,-505.000,-352.000,0.000,574.000,1761203772.786
112847.000,112818.000,130120.000,112534.000,-510.000,-358.000,0.000,604.000,1761203772.838
112838.000,112840.000,130120.000,112607.000,-522.000,-341.000,0.000,588.000,1761203772.889
112775.000,112808.000,130120.000,112680.000,-530.000,-363.000,0.000,586.000,1761203772.941
112744.000,112805.000,130120.000,112772.000,-511.000,-335.000,0.000,610.000,1761203772.992
112516.000,112776.000,130120.000,112729.000,-475.000,-325.000,0.000,579.000,1761203773.044
111733.000,112629.000,130120.000,112589.000,-470.000,-350.000,0.000,575.000,1761203773.095
111869.000,112673.000,126165.000,112558.000,-481.000,-354.000,4152.000,519.000,1761203773.147
111983.000,112745.000,118154.000,112507.000,-467.000,-334.000,-57.000,557.000,1761203773.199
111935.000,112674.000,113873.000,112651.000,-497.000,-342.000,-84.000,546.000,1761203773.250
111968.000,112603.000,113881.000,112730.000,-455.000,-325.000,-53.000,560.000,1761203773.302
112006.000,112604.000,113833.000,112695.000,-481.000,-335.000,-64.000,584.000,1761203773.354
112000.000,112623.000,113933.000,112773.000,-497.000,-331.000,-50.000,567.000,1761203773.405
112076.000,112604.000,113860.000,112834.000,-497.000,-331.000,-54.000,550.000,1761203773.457
112067.000,112588.000,113830.000,112847.000,-497.000,-329.000,-55.000,598.000,1761203773.509
112058.000,112595.000,113802.000,113053.000,-469.000,-339.000,-33.000,589.000,1761203773.560
112048.000,112603.000,113863.000,113034.000,-472.000,-338.000,-6.000,589.000,1761203773.612
112225.000,112605.000,113659.000,113266.000,-496.000,-340.000,62.000,604.000,1761203773.663
112386.000,112602.000,114144.000,113905.000,-466.000,-343.000,668.000,779.000,1761203773.715
112545.000,112631.000,117449.000,115111.000,-488.000,-331.000,2027.000,1002.000,1761203773.766
112756.000,112713.000,123438.000,118001.000,-515.000,-318.000,-805.000,2784.000,1761203773.818
112945.000,112809.000,130041.000,123086.000,-515.000,-320.000,-96.000,3455.000,1761203773.870
112914.000,112803.000,130066.000,125994.000,-513.000,-356.000,-55.000,1903.000,1761203773.922
113269.000,112947.000,130073.000,129531.000,-511.000,-351.000,-74.000,77.000,1761203773.974
113572.000,112935.000,129732.000,130083.000,-522.000,-359.000,-111.000,19.000,1761203774.025
113630.000,113070.000,130067.000,130120.000,-474.000,-369.000,-17.000,0.000,1761203774.076
113660.000,113117.000,130120.000,130120.000,-479.000,-356.000,0.000,0.000,1761203774.128
113696.000,113195.000,130046.000,130120.000,-487.000,-346.000,-14.000,0.000,1761203774.179
113728.000,113257.000,130117.000,130120.000,-462.000,-369.000,0.000,0.000,1761203774.230
113777.000,113304.000,130120.000,130120.000,-474.000,-346.000,0.000,0.000,1761203774.282
113794.000,113315.000,130120.000,130120.000,-446.000,-365.000,0.000,0.000,1761203774.333
113819.000,113280.000,130120.000,130120.000,-467.000,-372.000,0.000,0.000,1761203774.384
113707.000,113238.000,130120.000,130120.000,-450.000,-365.000,0.000,0.000,1761203774.435
113775.000,113111.000,130120.000,130120.000,-473.000,-343.000,-5.000,0.000,1761203774.487
114066.000,113054.000,130120.000,130120.000,-465.000,-349.000,-147.000,0.000,1761203774.538
114177.000,113071.000,129878.000,130120.000,-461.000,-352.000,-41.000,0.000,1761203774.590
114175.000,113053.000,130094.000,130120.000,-454.000,-334.000,-1763.000,0.000,1761203774.641
113962.000,112941.000,129562.000,130120.000,-423.000,-335.000,-277.000,0.000,1761203774.693
113706.000,113037.000,129454.000,130120.000,-395.000,-339.000,-1600.000,0.000,1761203774.745
113838.000,113014.000,128046.000,130120.000,-399.000,-340.000,-2315.000,0.000,1761203774.796
113816.000,112969.000,127184.000,130120.000,-417.000,-318.000,-3450.000,0.000,1761203774.848
113527.000,112858.000,125965.000,130120.000,-457.000,-327.000,-2590.000,23.000,1761203774.899
113386.000,112800.000,115677.000,130075.000,-475.000,-334.000,-283.000,60.000,1761203774.952
113322.000,112794.000,114424.000,129708.000,-479.000,-330.000,-166.000,1299.000,1761203775.003
113192.000,112758.000,113661.000,116452.000,-524.000,-305.000,-58.000,713.000,1761203775.054
113040.000,112714.000,113316.000,113656.000,-519.000,-327.000,-3.000,644.000,1761203775.106
112947.000,112713.000,113356.000,113198.000,-531.000,-329.000,1.000,578.000,1761203775.157
112847.000,112697.000,113466.000,112567.000,-538.000,-332.000,-47.000,558.000,1761203775.209
112789.000,112711.000,113564.000,112375.000,-524.000,-350.000,-34.000,520.000,1761203775.261
112766.000,112733.000,113039.000,112391.000,-538.000,-334.000,44.000,516.000,1761203775.312
112823.000,112754.000,113019.000,112406.000,-525.000,-327.000,65.000,536.000,1761203775.364
112773.000,112721.000,113418.000,112435.000,-530.000,-343.000,134.000,539.000,1761203775.415
112788.000,112740.000,113622.000,112434.000,-532.000,-332.000,218.000,540.000,1761203775.467
112744.000,112770.000,114166.000,112418.000,-520.000,-364.000,253.000,532.000,1761203775.519
112598.000,112759.000,114594.000,112434.000,-549.000,-336.000,372.000,528.000,1761203775.570
112706.000,112804.000,115192.000,112513.000,-520.000,-338.000,673.000,540.000,1761203775.622
112715.000,112769.000,114167.000,112455.000,-529.000,-353.000,-106.000,533.000,1761203775.674
112695.000,112819.000,113592.000,112507.000,-539.000,-353.000,-113.000,520.000,1761203775.726
112718.000,112856.000,113617.000,112397.000,-522.000,-371.000,-133.000,533.000,1761203775.777
112570.000,112872.000,113835.000,112388.000,-531.000,-359.000,-115.000,527.000,1761203775.829
112674.000,112848.000,113767.000,112520.000,-519.000,-350.000,-152.000,530.000,1761203775.880
112584.000,112840.000,113926.000,112495.000,-526.000,-350.000,-125.000,515.000,1761203775.932
112564.000,112861.000,113918.000,112506.000,-539.000,-346.000,-131.000,529.000,1761203775.984
112531.000,112905.000,113966.000,112473.000,-549.000,-359.000,-133.000,518.000,1761203776.036
112575.000,112860.000,113939.000,112513.000,-539.000,-364.000,-133.000,526.000,1761203776.087
112544.000,112846.000,114020.000,112525.000,-519.000,-352.000,-134.000,520.000,1761203776.139
112547.000,112821.000,113960.000,112548.000,-548.000,-347.000,-110.000,517.000,1761203776.191
112618.000,112841.000,113961.000,112505.000,-523.000,-355.000,-134.000,528.000,1761203776.242
112515.000,112834.000,114027.000,112541.000,-550.000,-383.000,-116.000,553.000,1761203776.294
112667.000,112928.000,113893.000,112508.000,-524.000,-353.000,-141.000,525.000,1761203776.346
112603.000,112864.000,113982.000,112619.000,-523.000,-369.000,-115.000,524.000,1761203776.398
112606.000,112852.000,113997.000,112533.000,-530.000,-338.000,-126.000,516.000,1761203776.449
112524.000,112901.000,114051.000,112459.000,-513.000,-356.000,-146.000,542.000,1761203776.501
112604.000,112958.000,113905.000,112410.000,-530.000,-361.000,-124.000,520.000,1761203776.553
112526.000,112897.000,113992.000,112516.000,-529.000,-368.000,-126.000,554.000,1761203776.604
112594.000,112973.000,114010.000,112458.000,-533.000,-379.000,-132.000,552.000,1761203776.656
112429.000,112933.000,114088.000,112392.000,-515.000,-339.000,-114.000,560.000,1761203776.708
112240.000,112942.000,114141.000,112328.000,-461.000,-356.000,-130.000,513.000,1761203776.760
111888.000,112825.000,114194.000,112353.000,-472.000,-359.000,-134.000,533.000,1761203776.811
111845.000,112816.000,114238.000,112316.000,-463.000,-357.000,-135.000,536.000,1761203776.863
111848.000,112865.000,114250.000,112379.000,-486.000,-337.000,-161.000,554.000,1761203776.915
111826.000,112905.000,114343.000,112312.000,-446.000,-358.000,-133.000,494.000,1761203776.966
111675.000,112922.000,114349.000,112273.000,-442.000,-352.000,-145.000,512.000,1761203777.018
111365.000,112864.000,114524.000,112108.000,-430.000,-369.000,-177.000,515.000,1761203777.070
110873.000,112963.000,114566.000,111894.000,-450.000,-394.000,-135.000,480.000,1761203777.121
111122.000,112978.000,114605.000,111974.000,-429.000,-382.000,-142.000,484.000,1761203777.173
110682.000,113004.000,114640.000,111768.000,-435.000,-374.000,-168.000,474.000,1761203777.225
110908.000,113094.000,114554.000,111849.000,-429.000,-389.000,-161.000,517.000,1761203777.276
110620.000,112937.000,114785.000,111871.000,-444.000,-368.000,-172.000,483.000,1761203777.328
111020.000,113086.000,114703.000,112004.000,-428.000,-366.000,-160.000,496.000,1761203777.381
110755.000,112942.000,114901.000,112030.000,-460.000,-378.000,-135.000,485.000,1761203777.432
111460.000,113011.000,114914.000,112559.000,-411.000,-332.000,-160.000,513.000,1761203777.483
110412.000,112540.000,115455.000,112295.000,-441.000,-368.000,-142.000,505.000,1761203777.535
111150.000,112881.000,114982.000,112585.000,-469.000,-338.000,-156.000,509.000,1761203777.587
111372.000,112862.000,114967.000,112600.000,-499.000,-363.000,-133.000,546.000,1761203777.638
111754.000,113071.000,114878.000,112378.000,-416.000,-371.000,-152.000,517.000,1761203777.690
110928.000,112966.000,115029.000,112269.000,-500.000,-367.000,-113.000,522.000,1761203777.742
111703.000,113079.000,114934.000,112249.000,-418.000,-342.000,-164.000,490.000,1761203777.794
110717.000,112934.000,114845.000,112047.000,-491.000,-352.000,-141.000,504.000,1761203777.845
111451.000,112970.000,114638.000,112019.000,-431.000,-316.000,-178.000,496.000,1761203777.897
110948.000,112825.000,114538.000,112103.000,-489.000,-329.000,-120.000,480.000,1761203777.949
111841.000,112782.000,114134.000,112233.000,-446.000,-331.000,-165.000,508.000,1761203778.001
111381.000,112772.000,114193.000,112072.000,-483.000,-330.000,-132.000,476.000,1761203778.052
111618.000,112748.000,114027.000,112155.000,-471.000,-346.000,-125.000,494.000,1761203778.104
111821.000,112711.000,113842.000,112254.000,-480.000,-332.000,-118.000,529.000,1761203778.156
111885.000,112706.000,113700.000,112229.000,-485.000,-331.000,-122.000,515.000,1761203778.207
111942.000,112739.000,113649.000,112268.000,-474.000,-333.000,-107.000,504.000,1761203778.259
112026.000,112732.000,113439.000,112249.000,-479.000,-336.000,-84.000,497.000,1761203778.311
112037.000,112688.000,113314.000,112255.000,-495.000,-331.000,-76.000,522.000,1761203778.362
112145.000,112720.000,113184.000,112246.000,-501.000,-310.000,-88.000,503.000,1761203778.414
112130.000,112694.000,113102.000,112249.000,-477.000,-352.000,-87.000,505.000,1761203778.465
112139.000,112698.000,113047.000,112226.000,-498.000,-340.000,-103.000,510.000,1761203778.517
112127.000,112683.000,113050.000,112249.000,-500.000,-337.000,-95.000,493.000,1761203778.569
112134.000,112703.000,112971.000,112248.000,-489.000,-333.000,-89.000,527.000,1761203778.621
112155.000,112670.000,112973.000,112244.000,-494.000,-324.000,-90.000,519.000,1761203778.672
112162.000,112675.000,112923.000,112236.000,-477.000,-339.000,-82.000,507.000,1761203778.724
112207.000,112687.000,112869.000,112213.000,-497.000,-328.000,-72.000,537.000,1761203778.775
112198.000,112699.000,112871.000,112175.000,-490.000,-346.000,-84.000,522.000,1761203778.827
112194.000,112686.000,112832.000,112145.000,-474.000,-342.000,-91.000,524.000,1761203778.879
112208.000,112702.000,112813.000,112142.000,-470.000,-334.000,-94.000,551.000,1761203778.930
112221.000,112733.000,112822.000,112152.000,-508.000,-344.000,-64.000,540.000,1761203778.982
112220.000,112696.000,112784.000,112146.000,-496.000,-338.000,-80.000,518.000,1761203779.033
112190.000,112703.000,112772.000,112162.000,-489.000,-344.000,-86.000,544.000,1761203779.085
112222.000,112684.000,112747.000,112139.000,-486.000,-342.000,-88.000,538.000,1761203779.137
112220.000,112710.000,112775.000,112165.000,-468.000,-335.000,-84.000,540.000,1761203779.188
112220.000,112692.000,112736.000,112118.000,-483.000,-354.000,-72.000,541.000,1761203779.240
112240.000,112688.000,112740.000,112119.000,-497.000,-319.000,-88.000,536.000,1761203779.292
112213.000,112684.000,112688.000,112119.000,-483.000,-354.000,-83.000,536.000,1761203779.343
112222.000,112699.000,112678.000,112115.000,-491.000,-348.000,-87.000,515.000,1761203779.395
112221.000,112670.000,112707.000,112123.000,-493.000,-336.000,-75.000,522.000,1761203779.446
112233.000,112674.000,112657.000,112122.000,-506.000,-343.000,-100.000,542.000,1761203779.498
112216.000,112659.000,112650.000,112109.000,-477.000,-339.000,-103.000,529.000,1761203779.550
112191.000,112665.000,112655.000,112089.000,-503.000,-343.000,-70.000,528.000,1761203779.602
112238.000,112670.000,112631.000,112098.000,-480.000,-330.000,-96.000,533.000,1761203779.653
112206.000,112661.000,112630.000,112129.000,-498.000,-302.000,-53.000,525.000,1761203779.705
112226.000,112669.000,112633.000,112101.000,-499.000,-301.000,-104.000,541.000,1761203779.756
112250.000,112671.000,112627.000,112094.000,-477.000,-338.000,-95.000,529.000,1761203779.808
112209.000,112701.000,112633.000,112123.000,-495.000,-341.000,-83.000,532.000,1761203779.860
112228.000,112681.000,112627.000,112100.000,-486.000,-317.000,-71.000,559.000,1761203779.911
112221.000,112664.000,112631.000,112134.000,-491.000,-344.000,-74.000,542.000,1761203779.963
112217.000,112659.000,112607.000,112112.000,-502.000,-318.000,-78.000,541.000,1761203780.015
112198.000,112693.000,112606.000,112084.000,-498.000,-332.000,-83.000,533.000,1761203780.066
112250.000,112680.000,112627.000,112098.000,-490.000,-324.000,-91.000,531.000,1761203780.118
112191.000,112648.000,112626.000,112113.000,-487.000,-349.000,-97.000,541.000,1761203780.169
112258.000,112698.000,112601.000,112128.000,-499.000,-309.000,-99.000,535.000,1761203780.221
112229.000,112712.000,112621.000,112119.000,-479.000,-311.000,-75.000,535.000,1761203780.273
112244.000,112700.000,112637.000,112121.000,-479.000,-340.000,-87.000,538.000,1761203780.324
112230.000,112663.000,112626.000,112116.000,-467.000,-338.000,-96.000,533.000,1761203780.376
112243.000,112692.000,112642.000,112130.000,-500.000,-325.000,-108.000,549.000,1761203780.428
112252.000,112715.000,112645.000,112142.000,-507.000,-328.000,-81.000,519.000,1761203780.479
112257.000,112676.000,112630.000,112180.000,-479.000,-329.000,-92.000,518.000,1761203780.531
112280.000,112700.000,112705.000,112129.000,-494.000,-309.000,-83.000,549.000,1761203780.583
112257.000,112668.000,112626.000,112150.000,-460.000,-327.000,-101.000,550.000,1761203780.634
112251.000,112670.000,112626.000,112109.000,-477.000,-343.000,-80.000,525.000,1761203780.686
112226.000,112686.000,112631.000,112117.000,-504.000,-314.000,-110.000,529.000,1761203780.738
112239.000,112681.000,112562.000,112082.000,-492.000,-324.000,-111.000,567.000,1761203780.789
112268.000,112684.000,112529.000,112057.000,-503.000,-321.000,-74.000,546.000,1761203780.841
112231.000,112673.000,112547.000,112090.000,-492.000,-334.000,-95.000,545.000,1761203780.893
112258.000,112669.000,112538.000,112058.000,-469.000,-344.000,-95.000,528.000,1761203780.945
112235.000,112660.000,112529.000,112081.000,-487.000,-351.000,-93.000,529.000,1761203780.996
112266.000,112698.000,112531.000,112085.000,-478.000,-339.000,-85.000,522.000,1761203781.047
112263.000,112703.000,112549.000,112088.000,-490.000,-342.000,-91.000,542.000,1761203781.099
112250.000,112674.000,112529.000,112068.000,-489.000,-343.000,-83.000,528.000,1761203781.151
112244.000,112663.000,112517.000,112057.000,-487.000,-332.000,-101.000,525.000,1761203781.202
112255.000,112667.000,112530.000,112060.000,-497.000,-331.000,-62.000,536.000,1761203781.254
112209.000,112660.000,112529.000,112072.000,-489.000,-340.000,-77.000,544.000,1761203781.306
112224.000,112646.000,112516.000,112069.000,-495.000,-316.000,-96.000,550.000,1761203781.357
112227.000,112691.000,112549.000,112056.000,-500.000,-333.000,-95.000,549.000,1761203781.409
112230.000,112682.000,112531.000,112071.000,-483.000,-322.000,-90.000,524.000,1761203781.460
112264.000,112722.000,112558.000,112119.000,-480.000,-349.000,-84.000,526.000,1761203781.512
112263.000,112686.000,112535.000,112085.000,-495.000,-325.000,-76.000,541.000,1761203781.563
112261.000,112705.000,112547.000,112085.000,-463.000,-339.000,-81.000,533.000,1761203781.615
112249.000,112657.000,112537.000,112096.000,-476.000,-344.000,-95.000,531.000,1761203781.667
112249.000,112699.000,112563.000,112123.000,-470.000,-313.000,-87.000,532.000,1761203781.719
112237.000,112682.000,112538.000,112103.000,-460.000,-323.000,-67.000,537.000,1761203781.770
112242.000,112668.000,112514.000,112139.000,-483.000,-324.000,-70.000,520.000,1761203781.822
112250.000,112673.000,112552.000,112091.000,-488.000,-333.000,-93.000,543.000,1761203781.873
112246.000,112688.000,112535.000,112116.000,-475.000,-335.000,-68.000,525.000,1761203781.925
112242.000,112675.000,112531.000,112071.000,-483.000,-331.000,-88.000,521.000,1761203781.977
112279.000,112696.000,112555.000,112142.000,-488.000,-342.000,-79.000,534.000,1761203782.028
112264.000,112688.000,112549.000,112112.000,-495.000,-332.000,-98.000,529.000,1761203782.080
112258.000,112695.000,112537.000,112102.000,-474.000,-336.000,-96.000,551.000,1761203782.131
112254.000,112690.000,112546.000,112110.000,-473.000,-343.000,-70.000,515.000,1761203782.183
112278.000,112684.000,112535.000,112105.000,-488.000,-330.000,-95.000,535.000,1761203782.235
112275.000,112669.000,112534.000,112127.000,-477.000,-324.000,-102.000,551.000,1761203782.286
112227.000,112664.000,112524.000,112073.000,-499.000,-322.000,-73.000,546.000,1761203782.338
112253.000,112669.000,112547.000,112098.000,-493.000,-326.000,-97.000,547.000,1761203782.390
112269.000,112666.000,112517.000,112078.000,-494.000,-340.000,-92.000,543.000,1761203782.441
112293.000,112668.000,112518.000,112084.000,-482.000,-347.000,-105.000,547.000,1761203782.493
112238.000,112699.000,112524.000,112114.000,-487.000,-343.000,-80.000,528.000,1761203782.546
112281.000,112689.000,112542.000,112108.000,-500.000,-322.000,-102.000,552.000,1761203782.596
112259.000,112687.000,112525.000,112095.000,-504.000,-336.000,-84.000,523.000,1761203782.648
112259.000,112686.000,112515.000,112102.000,-486.000,-335.000,-95.000,550.000,1761203782.699
112292.000,112687.000,112534.000,112116.000,-492.000,-342.000,-81.000,535.000,1761203782.751
112277.000,112697.000,112537.000,112105.000,-493.000,-338.000,-89.000,539.000,1761203782.803
112240.000,112669.000,112530.000,112114.000,-464.000,-336.000,-86.000,531.000,1761203782.854
112255.000,112686.000,112491.000,112074.000,-476.000,-345.000,-75.000,523.000,1761203782.906
112274.000,112669.000,112518.000,112113.000,-495.000,-338.000,-89.000,544.000,1761203782.958
112286.000,112684.000,112529.000,112101.000,-485.000,-337.000,-71.000,542.000,1761203783.009
112250.000,112661.000,112524.000,112095.000,-488.000,-332.000,-110.000,525.000,1761203783.061
112275.000,112680.000,112500.000,112115.000,-486.000,-323.000,-85.000,552.000,1761203783.112
112253.000,112719.000,112526.000,112134.000,-463.000,-313.000,-99.000,551.000,1761203783.164
112274.000,112703.000,112543.000,112139.000,-467.000,-331.000,-88.000,548.000,1761203783.216
112253.000,112672.000,112516.000,112098.000,-464.000,-325.000,-95.000,529.000,1761203783.267
112290.000,112687.000,112518.000,112105.000,-484.000,-322.000,-86.000,534.000,1761203783.319
112270.000,112654.000,112548.000,112088.000,-487.000,-335.000,-98.000,550.000,1761203783.371
112261.000,112645.000,112503.000,112075.000,-483.000,-332.000,-91.000,536.000,1761203783.422
112243.000,112650.000,112516.000,112090.000,-490.000,-345.000,-92.000,537.000,1761203783.474
112272.000,112680.000,112498.000,112079.000,-490.000,-343.000,-70.000,536.000,1761203783.525
112250.000,112676.000,112500.000,112103.000,-490.000,-334.000,-81.000,536.000,1761203783.577
112243.000,112665.000,112499.000,112097.000,-469.000,-327.000,-71.000,526.000,1761203783.629
112255.000,112676.000,112509.000,112095.000,-466.000,-344.000,-72.000,536.000,1761203783.680
112263.000,112663.000,112485.000,112076.000,-484.000,-345.000,-81.000,534.000,1761203783.732
112288.000,112668.000,112493.000,112106.000,-506.000,-323.000,-85.000,562.000,1761203783.784
112270.000,112686.000,112502.000,112112.000,-463.000,-332.000,-87.000,497.000,1761203783.835
112253.000,112652.000,112492.000,112135.000,-476.000,-328.000,-113.000,517.000,1761203783.887
112271.000,112683.000,112565.000,112130.000,-476.000,-330.000,-107.000,544.000,1761203783.938
112231.000,112640.000,112492.000,112124.000,-475.000,-338.000,-99.000,537.000,1761203783.990
112252.000,112654.000,112518.000,112119.000,-500.000,-326.000,-80.000,533.000,1761203784.042
112282.000,112653.000,112484.000,112121.000,-480.000,-336.000,-84.000,528.000,1761203784.094
